author_name,tier
Aimee Barciauskas,sponsored
Alex Bush,sponsored
Alex I. Mandel,sponsored
Alexandra Kirk,sponsored
Ali Z,sponsored
Alice Rühl,sponsored
Anthony Boyd,sponsored
Anthony Lukach,sponsored
Beatriz Peres,sponsored
Benoit Bovy,sponsored
Brianna Corremonte,sponsored
Chris Holden,sponsored
Chris Holmes,sponsored
Chuck Daniels,sponsored
Ciaran Sweet,sponsored
Daniel Wiesmann,sponsored
Daniel da Silva,sponsored
David Bitner,sponsored
Davis Bennett,sponsored
Emma Paz,sponsored
Emmanuel Mathot,sponsored
Gjore Milevski,sponsored
Hanbyul Jo,sponsored
Henry Rodman,sponsored
Indraneel Purohit,sponsored
Isayah Vidito,sponsored
Jamison French,sponsored
Jeff Albrecht,sponsored
Jennifer Tran,sponsored
Jonas,sponsored
Jonas Sølvsteen,sponsored
Julia Signell,sponsored
Kiri,sponsored
Kiri Carini,sponsored
Kyle Barron,sponsored
Lane Goodman,sponsored
Leo Thomas,sponsored
Lilly Thomas,sponsored
Marc Farra,sponsored
Martha Morrissey,sponsored
Matthew Hanson,sponsored
Matthias Mohr,sponsored
Max Jones,sponsored
Nathan Zimmerman,sponsored
Olaf Veerman,sponsored
Pete Gadomski,sponsored
Prakash Chaudhary,sponsored
Pratap Vardhan,sponsored
Ricardo Duplos,sponsored
Saadiq Mohiuddin,sponsored
Sajjad Anwar,sponsored
Sandra Hoang,sponsored
Sanjay Bhangar,sponsored
Sean Harkins,sponsored
Slesa Adhikari,sponsored
Soumya Ranjan Mohanty,sponsored
Stephen Kilbourn,sponsored
Tarashish Mishra,sponsored
Vincent Sarago,sponsored
Vitor George,sponsored
Wei Ji,sponsored
Will Rynearson,sponsored
Wille Marcel,sponsored
Zac Deziel,sponsored
mattmatt.world,sponsored
sandrahoang686,sponsored
sudobangbang,sponsored
xıʃǝɟ,sponsored
